{"cameraMode":{"drawMode":0,"name":"Shaded","section":"Shading Mode"},"sceneLighting":true,"audioPlay":false,"sceneViewState":{"showFog":true,"showMaterialUpdate":false,"showSkybox":true,"showFlares":true,"showImageEffects":true,"showParticleSystems":true},"in2DMode":false,"pivot":{"x":430.8470764160156,"y":193.27703857421876,"z":-264.0274963378906},"rotation":{"x":0.05212816596031189,"y":-0.03834160789847374,"z":-0.0020026101265102627,"w":-0.9979033470153809},"size":543.8681640625,"orthographic":false}